#
# A test case for Bug#729758
# "SELECT fails with a disjunct and small LIMIT"
# https://bugs.launchpad.net/tarantool/+bug/729758
#
insert into t0 values ('Doe', 'Richard')
Insert OK, 1 row affected
insert into t0 values ('Roe', 'Richard')
Insert OK, 1 row affected
insert into t0 values ('Woe', 'Richard')
Insert OK, 1 row affected
insert into t0 values ('Major', 'Tomas')
Insert OK, 1 row affected
insert into t0 values ('Kytes', 'Tomas')
Insert OK, 1 row affected
insert into t0 values ('Stiles', 'Tomas')
Insert OK, 1 row affected
insert into t0 values ('Wales', 'Tomas')
Insert OK, 1 row affected
insert into t0 values ('Callaghan', 'Tomas')
Insert OK, 1 row affected
select * from t0 where k1='Richard' or k1='Tomas' or k1='Tomas' limit 5
Found 5 tuples:
['Doe', 'Richard']
['Roe', 'Richard']
['Woe', 'Richard']
['Major', 'Tomas']
['Kytes', 'Tomas']
#
# A test case for Bug#729879
# "Zero limit is treated the same as no limit"
# https://bugs.launchpad.net/tarantool/+bug/729879
#
select * from t0 where k1='Richard' or k1='Tomas' limit 0
No match
delete from t0 where k0='Doe'
Delete OK, 1 row affected
delete from t0 where k0='Roe'
Delete OK, 1 row affected
delete from t0 where k0='Woe'
Delete OK, 1 row affected
delete from t0 where k0='Major'
Delete OK, 1 row affected
delete from t0 where k0='Kytes'
Delete OK, 1 row affected
delete from t0 where k0='Stiles'
Delete OK, 1 row affected
delete from t0 where k0='Wales'
Delete OK, 1 row affected
delete from t0 where k0='Callaghan'
Delete OK, 1 row affected
#
# A test case for Bug#730593
# "Bad data if incomplete tuple"
# https://bugs.launchpad.net/tarantool/+bug/730593
# Verify that if there is an index on, say, field 2,
# we can't insert tuples with cardinality 1 and
# get away with it.
#
insert into t0 values ('Britney')
An error occurred: ERR_CODE_ILLEGAL_PARAMS, 'Illegal parameters'
select * from t0 where k1='Anything'
No match
insert into t0 values ('Stephanie')
An error occurred: ERR_CODE_ILLEGAL_PARAMS, 'Illegal parameters'
select * from t0 where k1='Anything'
No match
insert into t0 values ('Spears', 'Britney')
Insert OK, 1 row affected
select * from t0 where k0='Spears'
Found 1 tuple:
['Spears', 'Britney']
select * from t0 where k1='Anything'
No match
select * from t0 where k1='Britney'
Found 1 tuple:
['Spears', 'Britney']
delete from t0 where k0='Spears'
Delete OK, 1 row affected
